{
  "pair_counts": {
    "total": 1225,
    "genuine": 625,
    "impostor": 600
  },
  "score_summary": {
    "genuine": {
      "count": 625,
      "mean": 0.5666878045916557,
      "std": 0.7447989292230018,
      "min": -0.9969573020935059,
      "max": 0.9999511241912842
    },
    "impostor": {
      "count": 600,
      "mean": 0.042937860296418266,
      "std": 0.9202738561645393,
      "min": -0.9962259531021118,
      "max": 0.999746561050415
    },
    "overall": {
      "count": 1225,
      "mean": 0.3101572196307231,
      "std": 0.8754331686054567,
      "min": -0.9969573020935059,
      "max": 0.9999511241912842
    }
  },
  "roc_auc": 0.709596,
  "pr_auc": 0.7155575361384537,
  "optimal_metric": "balanced_accuracy",
  "optimal_threshold": 0.7490832314419387,
  "metrics": {
    "threshold": 0.7490832314419387,
    "accuracy": 0.6530612244897959,
    "balanced_accuracy": 0.6515666666666666,
    "precision": 0.6416430594900849,
    "recall": 0.7248,
    "f1_score": 0.6806912096168294,
    "far": 0.4216666666666667,
    "frr": 0.2752,
    "tpr": 0.7248,
    "tnr": 0.5783333333333334,
    "tp": 453,
    "tn": 347,
    "fp": 253,
    "fn": 172
  },
  "target_far": 0.1,
  "target_far_threshold": 0.9999511241912842,
  "target_far_metrics": {
    "threshold": 0.9999511241912842,
    "accuracy": 0.4906122448979592,
    "balanced_accuracy": 0.5008,
    "precision": 1.0,
    "recall": 0.0016,
    "f1_score": 0.003194888178913738,
    "far": 0.0,
    "frr": 0.9984,
    "tpr": 0.0016,
    "tnr": 1.0,
    "tp": 1,
    "tn": 600,
    "fp": 0,
    "fn": 624
  },
  "eer": 0.36406666666666665,
  "eer_threshold": 0.8815532326698303,
  "deployed_threshold": 0.9698304348255522,
  "deployed_threshold_metrics": {
    "threshold": 0.9698304348255522,
    "accuracy": 0.6457142857142857,
    "balanced_accuracy": 0.6467,
    "precision": 0.6714542190305206,
    "recall": 0.5984,
    "f1_score": 0.6328257191201353,
    "far": 0.305,
    "frr": 0.4016,
    "tpr": 0.5984,
    "tnr": 0.695,
    "tp": 374,
    "tn": 417,
    "fp": 183,
    "fn": 251
  },
  "split_artifact": "E:\\Code\\Capstone\\QNA-Auth\\artifacts\\splits\\split_microphone_real_aug_v2_seed_42.json",
  "evaluation_scope": "test_only",
  "source_filter": [
    "microphone"
  ],
  "collection_kinds": [
    "real"
  ],
  "split_policy": "device_session",
  "num_devices": 2,
  "total_samples": 50,
  "deployed_threshold_source": "validation_target_far",
  "calibration_target_far": 0.1,
  "calibration_report": {
    "pair_counts": {
      "total": 1225,
      "genuine": 625,
      "impostor": 600
    },
    "score_summary": {
      "genuine": {
        "count": 625,
        "mean": 0.4699775069236755,
        "std": 0.8122630008975229,
        "min": -0.9956294894218445,
        "max": 0.999942421913147
      },
      "impostor": {
        "count": 600,
        "mean": -0.5150373340646426,
        "std": 0.777654081502078,
        "min": -0.9974860548973083,
        "max": 0.9997846484184265
      },
      "overall": {
        "count": 1225,
        "mean": -0.012478741723663953,
        "std": 0.9355653598307839,
        "min": -0.9974860548973083,
        "max": 0.999942421913147
      }
    },
    "roc_auc": 0.8341786666666667,
    "pr_auc": 0.8273999221252356,
    "optimal_metric": "balanced_accuracy",
    "optimal_threshold": -0.9272247516929205,
    "metrics": {
      "threshold": -0.9272247516929205,
      "accuracy": 0.7746938775510204,
      "balanced_accuracy": 0.7729333333333333,
      "precision": 0.7406896551724138,
      "recall": 0.8592,
      "f1_score": 0.7955555555555556,
      "far": 0.31333333333333335,
      "frr": 0.1408,
      "tpr": 0.8592,
      "tnr": 0.6866666666666666,
      "tp": 537,
      "tn": 412,
      "fp": 188,
      "fn": 88
    },
    "target_far": 0.1,
    "target_far_threshold": 0.9698304348255522,
    "target_far_metrics": {
      "threshold": 0.9698304348255522,
      "accuracy": 0.7273469387755102,
      "balanced_accuracy": 0.7308,
      "precision": 0.8540145985401459,
      "recall": 0.5616,
      "f1_score": 0.6776061776061775,
      "far": 0.1,
      "frr": 0.4384,
      "tpr": 0.5616,
      "tnr": 0.9,
      "tp": 351,
      "tn": 540,
      "fp": 60,
      "fn": 274
    },
    "eer": 0.24130000000000001,
    "eer_threshold": 0.46983206272125244
  },
  "history": {
    "train_loss": [
      0.5817556328633252,
      0.20184213186011596,
      0.16470825102399378,
      0.13647193845142336,
      0.11980186468538116,
      0.11019175039494739,
      0.052969495382379085,
      0.052342872737961656,
      0.04947416648706969,
      0.09081512749852504,
      0.03441068009637734,
      0.03342294764211949,
      0.004184050704626476,
      0.0009264124228673823,
      6.110664895352195e-05,
      0.0,
      0.0,
      0.0,
      0.0,
      0.0,
      0.0,
      0.0,
      0.0,
      0.0,
      0.0,
      0.0,
      0.0,
      0.0,
      0.0,
      0.0
    ],
    "val_loss": [
      0.7510930895805359,
      0.772064208984375,
      0.5121451020240784,
      0.6993227601051331,
      0.5233660340309143,
      0.5735172629356384,
      0.5065565705299377,
      0.681164026260376,
      0.6998292803764343,
      0.7112617492675781,
      0.6570912003517151,
      0.6932070851325989,
      0.6881954669952393,
      0.6266627907752991,
      0.579241156578064,
      0.9076903462409973,
      0.8929965496063232,
      0.7760487198829651,
      0.8880667686462402,
      0.8008442521095276,
      0.9298010468482971,
      0.8271638751029968,
      0.6821907758712769,
      0.7631903886795044,
      0.749732494354248,
      0.9478098154067993,
      0.6212182641029358,
      1.1370172500610352,
      0.865039050579071,
      0.7682411074638367
    ]
  }
}