{
  "pair_counts": {
    "total": 7140,
    "genuine": 3540,
    "impostor": 3600
  },
  "score_summary": {
    "genuine": {
      "count": 3540,
      "mean": 0.8153772722024702,
      "std": 0.23507144677034894,
      "min": 0.4119008779525757,
      "max": 1.0000001192092896
    },
    "impostor": {
      "count": 3600,
      "mean": 0.81766573752794,
      "std": 0.23396942718400537,
      "min": 0.42026135325431824,
      "max": 1.0
    },
    "overall": {
      "count": 7140,
      "mean": 0.8165311202657323,
      "std": 0.2345192451198768,
      "min": 0.4119008779525757,
      "max": 1.0000001192092896
    }
  },
  "roc_auc": 0.5099763025737603,
  "pr_auc": 0.5154307467649412,
  "optimal_metric": "balanced_accuracy",
  "optimal_threshold": 1.0000001192092896,
  "metrics": {
    "threshold": 1.0000001192092896,
    "accuracy": 0.5086834733893557,
    "balanced_accuracy": 0.5045197740112994,
    "precision": 1.0,
    "recall": 0.00903954802259887,
    "f1_score": 0.01791713325867861,
    "far": 0.0,
    "frr": 0.9909604519774011,
    "tpr": 0.00903954802259887,
    "tnr": 1.0,
    "tp": 32,
    "tn": 3600,
    "fp": 0,
    "fn": 3508
  },
  "target_far": 0.1,
  "target_far_threshold": 1.0000001192092896,
  "target_far_metrics": {
    "threshold": 1.0000001192092896,
    "accuracy": 0.5086834733893557,
    "balanced_accuracy": 0.5045197740112994,
    "precision": 1.0,
    "recall": 0.00903954802259887,
    "f1_score": 0.01791713325867861,
    "far": 0.0,
    "frr": 0.9909604519774011,
    "tpr": 0.00903954802259887,
    "tnr": 1.0,
    "tp": 32,
    "tn": 3600,
    "fp": 0,
    "fn": 3508
  },
  "eer": 0.49721986817325803,
  "eer_threshold": 0.9975532293319702,
  "deployed_threshold": 1.0000001192092896,
  "deployed_threshold_metrics": {
    "threshold": 1.0000001192092896,
    "accuracy": 0.5086834733893557,
    "balanced_accuracy": 0.5045197740112994,
    "precision": 1.0,
    "recall": 0.00903954802259887,
    "f1_score": 0.01791713325867861,
    "far": 0.0,
    "frr": 0.9909604519774011,
    "tpr": 0.00903954802259887,
    "tnr": 1.0,
    "tp": 32,
    "tn": 3600,
    "fp": 0,
    "fn": 3508
  },
  "split_artifact": "E:\\Code\\Capstone\\QNA-Auth\\artifacts\\splits\\split_real_device_aug_v1_seed_42.json",
  "evaluation_scope": "test_only",
  "source_filter": [
    "camera",
    "microphone"
  ],
  "collection_kinds": [
    "real"
  ],
  "split_policy": "device",
  "num_devices": 2,
  "total_samples": 120,
  "deployed_threshold_source": "test_fallback",
  "calibration_target_far": 0.1,
  "history": {
    "train_loss": [
      0.8149638421395246,
      0.7455719867173363,
      0.7444274758591372,
      0.7015456951716367,
      0.6991820501930573,
      0.7173812126412111,
      0.686803516219644,
      0.668134889620192,
      0.6954980098149356,
      0.6804569516988361,
      0.6897445180836845,
      0.6705748789450702,
      0.6911361007129445,
      0.7020422706709188,
      0.6932782175786355,
      0.6763303323703653,
      0.679721779683057,
      0.6788770933361614,
      0.6952312750851407,
      0.6890964551883585,
      0.6965086819494472,
      0.6837329110678505,
      0.6842266597292003,
      0.6767791982959298,
      0.7032200615195667,
      0.6729032283320147,
      0.6717815074850532,
      0.6728300627540139,
      0.6557631019283744,
      0.6610655512879876
    ],
    "val_loss": []
  }
}