{
  "pair_counts": {
    "total": 39060,
    "genuine": 5460,
    "impostor": 33600
  },
  "score_summary": {
    "genuine": {
      "count": 5460,
      "mean": 0.8048287125734183,
      "std": 0.23200763876361497,
      "min": -0.6818622350692749,
      "max": 1.000000238418579
    },
    "impostor": {
      "count": 33600,
      "mean": 0.4096060050294424,
      "std": 0.6164602728397341,
      "min": -0.9034075736999512,
      "max": 0.9997340440750122
    },
    "overall": {
      "count": 39060,
      "mean": 0.46485218995494443,
      "std": 0.5943134039799367,
      "min": -0.9034075736999512,
      "max": 1.000000238418579
    }
  },
  "roc_auc": 0.6932660910518053,
  "pr_auc": 0.31509948477125677,
  "optimal_metric": "balanced_accuracy",
  "optimal_threshold": 0.24437603159765509,
  "metrics": {
    "threshold": 0.24437603159765509,
    "accuracy": 0.40419866871479776,
    "balanced_accuracy": 0.6395787545787546,
    "precision": 0.18601043576364407,
    "recall": 0.9663003663003663,
    "f1_score": 0.31196783349101237,
    "far": 0.6871428571428572,
    "frr": 0.0336996336996337,
    "tpr": 0.9663003663003663,
    "tnr": 0.31285714285714283,
    "tp": 5276,
    "tn": 10512,
    "fp": 23088,
    "fn": 184
  },
  "target_far": 0.15,
  "target_far_threshold": 0.9521759215311789,
  "target_far_metrics": {
    "threshold": 0.9521759215311789,
    "accuracy": 0.7863799283154121,
    "balanced_accuracy": 0.5883836996336996,
    "precision": 0.2714013950538998,
    "recall": 0.31355311355311355,
    "f1_score": 0.2909585316111489,
    "far": 0.1367857142857143,
    "frr": 0.6864468864468865,
    "tpr": 0.31355311355311355,
    "tnr": 0.8632142857142857,
    "tp": 1712,
    "tn": 29004,
    "fp": 4596,
    "fn": 3748
  },
  "eer": 0.3922802197802198,
  "eer_threshold": 0.8304798603057861,
  "deployed_threshold": 0.9521759215311789,
  "deployed_threshold_metrics": {
    "threshold": 0.9521759215311789,
    "accuracy": 0.7863799283154121,
    "balanced_accuracy": 0.5883836996336996,
    "precision": 0.2714013950538998,
    "recall": 0.31355311355311355,
    "f1_score": 0.2909585316111489,
    "far": 0.1367857142857143,
    "frr": 0.6864468864468865,
    "tpr": 0.31355311355311355,
    "tnr": 0.8632142857142857,
    "tp": 1712,
    "tn": 29004,
    "fp": 4596,
    "fn": 3748
  },
  "split_artifact": "E:\\Code\\Capstone\\QNA-Auth\\artifacts\\splits\\split_camera_v2_seed_42.json",
  "evaluation_scope": "test_only",
  "source_filter": [
    "camera"
  ],
  "num_devices": 7,
  "total_samples": 280,
  "deployed_threshold_source": "test_fallback",
  "calibration_target_far": 0.15,
  "history": {
    "train_loss": [
      0.6059190744353878,
      0.5690158360427425,
      0.5589955832689039,
      0.5374026388891282,
      0.5205949331483534,
      0.5148031377023267,
      0.49991639439136754,
      0.4989525984371862,
      0.5005366859897491,
      0.4928797532473841,
      0.48741463816935016,
      0.4824048247068159,
      0.4816200631280099,
      0.47450605361692366,
      0.4834625458525073,
      0.47465592449711214,
      0.4711921877438022,
      0.4673784940473495
    ],
    "val_loss": []
  }
}