{
  "pair_counts": {
    "total": 1770,
    "genuine": 870,
    "impostor": 900
  },
  "score_summary": {
    "genuine": {
      "count": 870,
      "mean": 0.7140610774358114,
      "std": 0.27855929666973495,
      "min": 0.34962645173072815,
      "max": 1.000000238418579
    },
    "impostor": {
      "count": 900,
      "mean": 0.7218799729479684,
      "std": 0.27696968217004486,
      "min": 0.34962645173072815,
      "max": 1.0
    },
    "overall": {
      "count": 1770,
      "mean": 0.7180367870182641,
      "std": 0.2777796590639325,
      "min": 0.34962645173072815,
      "max": 1.000000238418579
    }
  },
  "roc_auc": 0.5200983397190294,
  "pr_auc": 0.5096241251995028,
  "optimal_metric": "balanced_accuracy",
  "optimal_threshold": 0.996732028435223,
  "metrics": {
    "threshold": 0.996732028435223,
    "accuracy": 0.5977401129943503,
    "balanced_accuracy": 0.5955363984674329,
    "precision": 0.6211656441717791,
    "recall": 0.46551724137931033,
    "f1_score": 0.5321944809461234,
    "far": 0.27444444444444444,
    "frr": 0.5344827586206896,
    "tpr": 0.46551724137931033,
    "tnr": 0.7255555555555555,
    "tp": 405,
    "tn": 653,
    "fp": 247,
    "fn": 465
  },
  "target_far": 0.1,
  "target_far_threshold": 1.000000238418579,
  "target_far_metrics": {
    "threshold": 1.000000238418579,
    "accuracy": 0.5090395480225989,
    "balanced_accuracy": 0.5005747126436781,
    "precision": 1.0,
    "recall": 0.0011494252873563218,
    "f1_score": 0.002296211251435132,
    "far": 0.0,
    "frr": 0.9988505747126437,
    "tpr": 0.0011494252873563218,
    "tnr": 1.0,
    "tp": 1,
    "tn": 900,
    "fp": 0,
    "fn": 869
  },
  "eer": 0.5086206896551724,
  "eer_threshold": 0.9803020358085632,
  "deployed_threshold": 1.0000001192092896,
  "deployed_threshold_metrics": {
    "threshold": 1.0000001192092896,
    "accuracy": 0.5101694915254237,
    "balanced_accuracy": 0.5017241379310344,
    "precision": 1.0,
    "recall": 0.0034482758620689655,
    "f1_score": 0.006872852233676977,
    "far": 0.0,
    "frr": 0.996551724137931,
    "tpr": 0.0034482758620689655,
    "tnr": 1.0,
    "tp": 3,
    "tn": 900,
    "fp": 0,
    "fn": 867
  },
  "split_artifact": "E:\\Code\\Capstone\\QNA-Auth\\artifacts\\splits\\split_real_session_aug_v1_seed_42.json",
  "evaluation_scope": "test_only",
  "source_filter": [
    "camera",
    "microphone"
  ],
  "collection_kinds": [
    "real"
  ],
  "split_policy": "device_session",
  "num_devices": 2,
  "total_samples": 60,
  "deployed_threshold_source": "validation_target_far",
  "calibration_target_far": 0.1,
  "calibration_report": {
    "pair_counts": {
      "total": 1770,
      "genuine": 870,
      "impostor": 900
    },
    "score_summary": {
      "genuine": {
        "count": 870,
        "mean": 0.8253728825470497,
        "std": 0.2114603671759046,
        "min": 0.43722692131996155,
        "max": 1.0000001192092896
      },
      "impostor": {
        "count": 900,
        "mean": 0.8000283018747966,
        "std": 0.21555576235513713,
        "min": 0.43135446310043335,
        "max": 1.0
      },
      "overall": {
        "count": 1770,
        "mean": 0.8124858076289548,
        "std": 0.2139281373091367,
        "min": 0.43135446310043335,
        "max": 1.0000001192092896
      }
    },
    "roc_auc": 0.5288761174968072,
    "pr_auc": 0.5065393403187746,
    "optimal_metric": "balanced_accuracy",
    "optimal_threshold": 0.8399792310580536,
    "metrics": {
      "threshold": 0.8399792310580536,
      "accuracy": 0.5401129943502825,
      "balanced_accuracy": 0.5415517241379311,
      "precision": 0.5270793036750484,
      "recall": 0.6264367816091954,
      "f1_score": 0.5724789915966386,
      "far": 0.5433333333333333,
      "frr": 0.3735632183908046,
      "tpr": 0.6264367816091954,
      "tnr": 0.45666666666666667,
      "tp": 545,
      "tn": 411,
      "fp": 489,
      "fn": 325
    },
    "target_far": 0.1,
    "target_far_threshold": 1.0000001192092896,
    "target_far_metrics": {
      "threshold": 1.0000001192092896,
      "accuracy": 0.5101694915254237,
      "balanced_accuracy": 0.5017241379310344,
      "precision": 1.0,
      "recall": 0.0034482758620689655,
      "f1_score": 0.006872852233676977,
      "far": 0.0,
      "frr": 0.996551724137931,
      "tpr": 0.0034482758620689655,
      "tnr": 1.0,
      "tp": 3,
      "tn": 900,
      "fp": 0,
      "fn": 867
    },
    "eer": 0.46664750957854406,
    "eer_threshold": 0.928601086139679
  },
  "history": {
    "train_loss": [
      0.8385249253581551,
      0.7271663599154529,
      0.7600358303855447,
      0.7253314905306872,
      0.7385737457696129,
      0.7121246316853691,
      0.7038806273656733,
      0.7202973523560692,
      0.6681581472649294,
      0.6830069457783419,
      0.6831891650662703,
      0.7431278859867769,
      0.7025481760501862,
      0.7096159598406624,
      0.6971944693256827,
      0.7074934209094328,
      0.6895662984427284,
      0.697597894598456,
      0.6879293848486507,
      0.6858078521840713,
      0.6815616856603062,
      0.6879958948668312,
      0.6816491554765141,
      0.6813614070415497,
      0.6726322191603044,
      0.6752669206436943,
      0.7095178874099956,
      0.7019429171786589,
      0.6591715418240603,
      0.7201185506932876
    ],
    "val_loss": [
      1.4622259140014648,
      0.9397515058517456,
      1.311426043510437,
      1.2672951221466064,
      1.240769863128662,
      1.077978253364563,
      1.2478411197662354,
      1.144333839416504,
      1.171958327293396,
      1.249107003211975,
      1.1386018991470337,
      0.8974456787109375,
      1.1311763525009155,
      1.2467560768127441,
      0.9035395979881287,
      1.044874668121338,
      1.2005531787872314,
      0.905447244644165,
      1.1262356042861938,
      0.9299528002738953,
      1.1434683799743652,
      1.0873273611068726,
      0.9865722060203552,
      1.0956310033798218,
      1.0148236751556396,
      0.8981809020042419,
      1.2326104640960693,
      1.089585542678833,
      1.0252811908721924,
      1.1660937070846558
    ]
  }
}