{
  "pair_counts": {
    "total": 57630,
    "genuine": 6730,
    "impostor": 50900
  },
  "score_summary": {
    "genuine": {
      "count": 6730,
      "mean": 0.8727959709427421,
      "std": 0.31965727687545664,
      "min": -0.8953490853309631,
      "max": 1.0000003576278687
    },
    "impostor": {
      "count": 50900,
      "mean": 0.13548705003068787,
      "std": 0.8668721859020881,
      "min": -0.9918996095657349,
      "max": 0.9999630451202393
    },
    "overall": {
      "count": 57630,
      "mean": 0.2215895840882642,
      "std": 0.8554031622617692,
      "min": -0.9918996095657349,
      "max": 1.0000003576278687
    }
  },
  "roc_auc": 0.7743061563477027,
  "pr_auc": 0.38874269540369655,
  "optimal_metric": "balanced_accuracy",
  "optimal_threshold": -0.6816036347767815,
  "metrics": {
    "threshold": -0.6816036347767815,
    "accuracy": 0.4920006940829429,
    "balanced_accuracy": 0.7095797779639593,
    "precision": 0.18614622194999722,
    "recall": 0.9934621099554235,
    "f1_score": 0.3135434252485462,
    "far": 0.574302554027505,
    "frr": 0.006537890044576523,
    "tpr": 0.9934621099554235,
    "tnr": 0.4256974459724951,
    "tp": 6686,
    "tn": 21668,
    "fp": 29232,
    "fn": 44
  },
  "target_far": 0.1,
  "target_far_threshold": 1.0000003576278687,
  "target_far_metrics": {
    "threshold": 1.0000003576278687,
    "accuracy": 0.8832378969286829,
    "balanced_accuracy": 0.500074294205052,
    "precision": 1.0,
    "recall": 0.00014858841010401187,
    "f1_score": 0.00029713266973703756,
    "far": 0.0,
    "frr": 0.999851411589896,
    "tpr": 0.00014858841010401187,
    "tnr": 1.0,
    "tp": 1,
    "tn": 50900,
    "fp": 0,
    "fn": 6729
  },
  "eer": 0.33079700604570916,
  "eer_threshold": 0.9251314401626587,
  "deployed_threshold": 1.000000238418579,
  "deployed_threshold_metrics": {
    "threshold": 1.000000238418579,
    "accuracy": 0.884903695991671,
    "balanced_accuracy": 0.5072065378900446,
    "precision": 1.0,
    "recall": 0.014413075780089154,
    "f1_score": 0.02841658122162004,
    "far": 0.0,
    "frr": 0.9855869242199109,
    "tpr": 0.014413075780089154,
    "tnr": 1.0,
    "tp": 97,
    "tn": 50900,
    "fp": 0,
    "fn": 6633
  },
  "split_artifact": "E:\\Code\\Capstone\\QNA-Auth\\artifacts\\splits\\split_microphone_v2_seed_42.json",
  "evaluation_scope": "test_only",
  "source_filter": [
    "microphone"
  ],
  "num_devices": 9,
  "total_samples": 340,
  "deployed_threshold_source": "validation_target_far",
  "calibration_target_far": 0.1,
  "calibration_report": {
    "pair_counts": {
      "total": 44850,
      "genuine": 5550,
      "impostor": 39300
    },
    "score_summary": {
      "genuine": {
        "count": 5550,
        "mean": 0.9321880124388514,
        "std": 0.09300878653365503,
        "min": 0.28343409299850464,
        "max": 1.000000238418579
      },
      "impostor": {
        "count": 39300,
        "mean": 0.2856474858749914,
        "std": 0.8418578464648478,
        "min": -0.9908786416053772,
        "max": 0.9999094009399414
      },
      "overall": {
        "count": 44850,
        "mean": 0.3656541731086463,
        "std": 0.8169577092265103,
        "min": -0.9908786416053772,
        "max": 1.000000238418579
      }
    },
    "roc_auc": 0.7360121174609725,
    "pr_auc": 0.37558930449238737,
    "optimal_metric": "balanced_accuracy",
    "optimal_threshold": 0.3096955011238405,
    "metrics": {
      "threshold": 0.3096955011238405,
      "accuracy": 0.445752508361204,
      "balanced_accuracy": 0.6834309882401486,
      "precision": 0.18243421052631578,
      "recall": 0.9992792792792793,
      "f1_score": 0.30853963838664816,
      "far": 0.6324173027989822,
      "frr": 0.0007207207207207207,
      "tpr": 0.9992792792792793,
      "tnr": 0.3675826972010178,
      "tp": 5546,
      "tn": 14446,
      "fp": 24854,
      "fn": 4
    },
    "target_far": 0.1,
    "target_far_threshold": 1.000000238418579,
    "target_far_metrics": {
      "threshold": 1.000000238418579,
      "accuracy": 0.8938238573021182,
      "balanced_accuracy": 0.5709909909909909,
      "precision": 1.0,
      "recall": 0.14198198198198198,
      "f1_score": 0.24865888292836857,
      "far": 0.0,
      "frr": 0.858018018018018,
      "tpr": 0.14198198198198198,
      "tnr": 1.0,
      "tp": 788,
      "tn": 39300,
      "fp": 0,
      "fn": 4762
    },
    "eer": 0.36557905233477755,
    "eer_threshold": 0.9403619766235352
  },
  "history": {
    "train_loss": [
      0.6128361055880417,
      0.5787205961015489,
      0.5772583083606061,
      0.5530339004816832,
      0.5559638451646876,
      0.5504178827927436,
      0.5458139703597551,
      0.5491169312118013,
      0.5344062752929735,
      0.5255912354698887,
      0.5232050761028573,
      0.515396605671188,
      0.5001980776404157,
      0.49353662611525734,
      0.48882512472293993,
      0.4721072253621655,
      0.4763293464978536,
      0.47310667347024987,
      0.46201491870997863,
      0.4656162232528498,
      0.4532452641445913,
      0.4478540810537927,
      0.4271456485177264,
      0.42751402803409244,
      0.41434413305035345,
      0.4133456257390387,
      0.40277139051460925,
      0.3890970426577109,
      0.3847800349747693,
      0.3771713528736138,
      0.35818784435590106,
      0.350838420935619,
      0.3646624077249456,
      0.3397382418682546,
      0.34337344618491183,
      0.35066418294553403
    ],
    "val_loss": [
      0.6461199522018433,
      0.5291003485520681,
      0.5332072973251343,
      0.5595278739929199,
      0.679314911365509,
      0.5656495094299316,
      0.6425285140673319,
      0.4937334358692169,
      0.5456969141960144,
      0.5812132159868876,
      0.6358270247777303,
      0.5702430208524069,
      0.6471882263819376,
      0.5430014431476593,
      0.5824942886829376,
      0.6088982423146566,
      0.6117678284645081,
      0.5286357402801514,
      0.6158614158630371,
      0.6001542011896769,
      0.5720694363117218,
      0.6088504393895467,
      0.59414208928744,
      0.5756282905737559,
      0.5910191138585409,
      0.6768993536631266,
      0.5969618956247965,
      0.6856781840324402,
      0.6735215385754904,
      0.6907266974449158,
      0.5489248931407928,
      0.5946832895278931,
      0.7113496859868368,
      0.6251346667607626,
      0.6662548780441284,
      0.699974536895752
    ]
  }
}