{
  "num_devices": 23,
  "total_samples": 43,
  "optimal_threshold": 1.0000001192092896,
  "accuracy": 0.7746478873239436,
  "precision": 0.25274725274725274,
  "recall": 0.6571428571428571,
  "f1_score": 0.36507936507936506,
  "far": 0.2125,
  "frr": 0.34285714285714286,
  "eer": 0.27767857142857144,
  "eer_threshold": 0.7729508676121581
}