{
  "num_devices": 27,
  "total_samples": 43,
  "optimal_threshold": -0.8218412351126623,
  "accuracy": 0.10222222222222223,
  "precision": 0.04716981132075472,
  "recall": 1.0,
  "f1_score": 0.09009009009009009,
  "far": 0.9395348837209302,
  "frr": 0.0,
  "eer": 0.4697674418604651,
  "eer_threshold": -0.8311830525422216
}