{
  "num_devices": 33,
  "total_samples": 80,
  "optimal_threshold": 0.9007844822575348,
  "accuracy": 0.3420229405630866,
  "precision": 0.11864406779661017,
  "recall": 0.9230769230769231,
  "f1_score": 0.21026282853566963,
  "far": 0.7188940092165899,
  "frr": 0.07692307692307693,
  "eer": 0.38005140021269057,
  "eer_threshold": 0.9111547598886729
}