{
  "num_devices": 32,
  "total_samples": 80,
  "optimal_threshold": 0.9404707370382366,
  "accuracy": 0.6867088607594937,
  "precision": 0.16932907348242812,
  "recall": 0.5888888888888889,
  "f1_score": 0.2630272952853598,
  "far": 0.30303030303030304,
  "frr": 0.4111111111111111,
  "eer": 0.35128205128205126,
  "eer_threshold": 0.9012830532974931
}