{
  "pair_counts": {
    "total": 1770,
    "genuine": 870,
    "impostor": 900
  },
  "score_summary": {
    "genuine": {
      "count": 870,
      "mean": 0.4918246666590373,
      "std": 0.8514132628566939,
      "min": -0.9938541650772095,
      "max": 1.0
    },
    "impostor": {
      "count": 900,
      "mean": -0.07523576345708635,
      "std": 0.9749355474503145,
      "min": -0.9962281584739685,
      "max": 0.9956824779510498
    },
    "overall": {
      "count": 1770,
      "mean": 0.2034888547355846,
      "std": 0.9591559008645699,
      "min": -0.9962281584739685,
      "max": 1.0
    }
  },
  "roc_auc": 0.8435287356321839,
  "pr_auc": 0.8761555311295917,
  "optimal_metric": "balanced_accuracy",
  "optimal_threshold": 0.9899687027212365,
  "metrics": {
    "threshold": 0.9899687027212365,
    "accuracy": 0.7649717514124293,
    "balanced_accuracy": 0.7632183908045977,
    "precision": 0.8270893371757925,
    "recall": 0.6597701149425287,
    "f1_score": 0.7340153452685422,
    "far": 0.13333333333333333,
    "frr": 0.34022988505747126,
    "tpr": 0.6597701149425287,
    "tnr": 0.8666666666666667,
    "tp": 574,
    "tn": 780,
    "fp": 120,
    "fn": 296
  },
  "target_far": 0.1,
  "target_far_threshold": 1.0,
  "target_far_metrics": {
    "threshold": 1.0,
    "accuracy": 0.5090395480225989,
    "balanced_accuracy": 0.5005747126436781,
    "precision": 1.0,
    "recall": 0.0011494252873563218,
    "f1_score": 0.002296211251435132,
    "far": 0.0,
    "frr": 0.9988505747126437,
    "tpr": 0.0011494252873563218,
    "tnr": 1.0,
    "tp": 1,
    "tn": 900,
    "fp": 0,
    "fn": 869
  },
  "eer": 0.3022222222222223,
  "eer_threshold": 0.9694241881370544,
  "deployed_threshold": 1.0,
  "deployed_threshold_metrics": {
    "threshold": 1.0,
    "accuracy": 0.5090395480225989,
    "balanced_accuracy": 0.5005747126436781,
    "precision": 1.0,
    "recall": 0.0011494252873563218,
    "f1_score": 0.002296211251435132,
    "far": 0.0,
    "frr": 0.9988505747126437,
    "tpr": 0.0011494252873563218,
    "tnr": 1.0,
    "tp": 1,
    "tn": 900,
    "fp": 0,
    "fn": 869
  },
  "split_artifact": "E:\\Code\\Capstone\\QNA-Auth\\artifacts\\splits\\split_camera_real_noaug_v1_seed_42.json",
  "evaluation_scope": "test_only",
  "source_filter": [
    "camera"
  ],
  "collection_kinds": [
    "real"
  ],
  "split_policy": "device",
  "num_devices": 2,
  "total_samples": 60,
  "deployed_threshold_source": "test_fallback",
  "calibration_target_far": 0.1,
  "history": {
    "train_loss": [
      0.18047021383730075,
      0.0,
      0.0,
      0.0,
      0.0,
      0.0,
      0.0,
      0.0,
      0.0,
      0.0,
      0.0,
      0.0,
      0.0,
      0.0,
      0.0,
      0.0,
      0.0,
      0.0,
      0.0,
      0.0,
      0.0,
      0.0,
      0.0,
      0.0,
      0.0,
      0.0,
      0.0,
      0.0,
      0.0,
      0.0
    ],
    "val_loss": []
  }
}